{"last_tab":"0","header-padding-top":"0","header-padding-bottom":"0","header-height":"52","header-fixed":"","show_search_box":"1","show_login_menu":"1","menu-style":"offcanvus","regular_menu_bg":"#eeeeee","regular_menu_link_color":"#000000","regular_menu_link_color_hvr":"#000000","regular_menu_link_bg_color":"#eeeeee","regular_menu_link_bg_color_hvr":"#ffffff","classic_menu_bg":"#f5f5f5","classic_menu_link_color":"#000000","classic_menu_link_color_hvr":"#f26522","favicon":{"url":"http:\/\/demo.themeum.com\/wordpress\/moview\/wp-content\/themes\/moview\/images\/favicon.ico","id":"","height":"","width":"","thumbnail":""},"logo":{"url":"http:\/\/demo.themeum.com\/wordpress\/moview\/wp-content\/themes\/moview\/images\/logo.png","id":"","height":"","width":"","thumbnail":""},"logo-width":"","logo-height":"","logo-text-en":"","logo-text":"themeum-core","logo_center":"","errorpage":{"url":"http:\/\/demo.themeum.com\/wordpress\/moview\/wp-content\/themes\/moview\/images\/404.png","id":"","height":"","width":"","thumbnail":""},"errorbg":{"url":"http:\/\/demo.themeum.com\/wordpress\/moview\/wp-content\/themes\/moview\/images\/404-bg.png","id":"","height":"","width":"","thumbnail":""},"comingsoon-logo":{"url":"http:\/\/demo.themeum.com\/wordpress\/moview\/wp-content\/themes\/moview\/images\/coming-soon-logo.png","id":"","height":"","width":"","thumbnail":""},"comingsoon":{"url":"http:\/\/demo.themeum.com\/wordpress\/moview\/wp-content\/themes\/moview\/images\/trailers-and-video-bg.jpg","id":"","height":"","width":"","thumbnail":""},"reg_logo":{"url":"http:\/\/demo.themeum.com\/wordpress\/moview\/wp-content\/themes\/moview\/images\/logo.png","id":"","height":"","width":"","thumbnail":""},"movie-cat-num":"3","celebrity-cat-num":"3","blog-banner":{"url":"http:\/\/demo.themeum.com\/wordpress\/moview\/wp-content\/uploads\/2016\/02\/1-1.jpg","id":"682","height":"600","width":"2000","thumbnail":"http:\/\/demo.themeum.com\/wordpress\/moview\/wp-content\/uploads\/2016\/02\/1-1-150x150.jpg"},"buddypress-m-banner":{"url":"http:\/\/demo.themeum.com\/wordpress\/moview\/wp-content\/uploads\/2016\/02\/2-3.jpg","id":"687","height":"600","width":"2000","thumbnail":"http:\/\/demo.themeum.com\/wordpress\/moview\/wp-content\/uploads\/2016\/02\/2-3-150x150.jpg"},"buddypress-g-banner":{"url":"http:\/\/demo.themeum.com\/wordpress\/moview\/wp-content\/uploads\/2016\/01\/3-1.jpg","id":"685","height":"600","width":"2000","thumbnail":"http:\/\/demo.themeum.com\/wordpress\/moview\/wp-content\/uploads\/2016\/01\/3-1-150x150.jpg"},"buddypress-ac-banner":{"url":"http:\/\/demo.themeum.com\/wordpress\/moview\/wp-content\/uploads\/2016\/02\/4-3.jpg","id":"691","height":"600","width":"2000","thumbnail":"http:\/\/demo.themeum.com\/wordpress\/moview\/wp-content\/uploads\/2016\/02\/4-3-150x150.jpg"},"bbpress-forums-banner":{"url":"http:\/\/demo.themeum.com\/wordpress\/moview\/wp-content\/uploads\/2016\/02\/6-1.jpg","id":"695","height":"600","width":"2000","thumbnail":"http:\/\/demo.themeum.com\/wordpress\/moview\/wp-content\/uploads\/2016\/02\/6-1-150x150.jpg"},"blog-subtitle-bg-color":"#191919","boxfull-en":"fullwidth","box-background":{"background-color":"","background-repeat":"","background-size":"","background-attachment":"","background-position":"","background-image":"","media":{"id":"","height":"","width":"","thumbnail":""}},"preset":"1","custom-preset-en":"0","link-color":"#f26522","hover-color":"#d54d0d","header-bg":"#ffffff","bottom-background":{"background-color":"","background-repeat":"no-repeat","background-size":"cover","background-attachment":"","background-position":"left center","background-image":"http:\/\/demo.themeum.com\/wordpress\/moview\/wp-content\/uploads\/2016\/01\/bottom-bg.jpg","media":{"id":"95","height":"489","width":"2000","thumbnail":"http:\/\/demo.themeum.com\/wordpress\/moview\/wp-content\/uploads\/2016\/01\/bottom-bg-150x150.jpg"}},"body-font":{"font-family":"Open Sans","font-options":"","google":"1","font-weight":"300","font-style":"","subsets":"","text-align":"","font-size":"16px","color":"#000"},"menu-font":{"font-family":"Open Sans","font-options":"","google":"1","font-weight":"400","font-style":"","subsets":"","text-align":"","font-size":"14px","color":"#000"},"headings-font_h1":{"font-family":"Open Sans","font-options":"","google":"1","font-weight":"700","font-style":"","subsets":"","text-align":"","font-size":"36px","color":"#000"},"headings-font_h2":{"font-family":"Open Sans","font-options":"","google":"1","font-weight":"700","font-style":"","subsets":"","text-align":"","font-size":"36px","color":"#000"},"headings-font_h3":{"font-family":"Montserrat","font-options":"","google":"1","font-weight":"700","font-style":"","subsets":"","text-align":"","font-size":"24px","color":"#000"},"headings-font_h4":{"font-family":"Open Sans","font-options":"","google":"1","font-weight":"700","font-style":"","subsets":"","text-align":"","font-size":"20px","color":"#000"},"headings-font_h5":{"font-family":"Open Sans","font-options":"","google":"1","font-weight":"700","font-style":"","subsets":"","text-align":"","font-size":"18px","color":"#000"},"wp-facebook":"https:\/\/www.facebook.com\/","wp-twitter":"https:\/\/twitter.com\/","wp-google-plus":"https:\/\/plus.google.com\/","wp-pinterest":"https:\/\/www.pinterest.com\/","wp-youtube":"https:\/\/www.youtube.com\/","wp-linkedin":"https:\/\/bd.linkedin.com\/","wp-dribbble":"","wp-behance":"","wp-flickr":"","wp-vk":"","wp-skype":"","wp-instagram":"","comingsoon-en":"","comingsoon-date":"08\/30\/2018","comingsoon-title":"Coming Soon","comingsoon-subtitle":"We are working on something awesome!","comingsoon-copyright":"Copyright 2016 \u00a9 Moview. All Rights Reserved","comingsoon-facebook":"","comingsoon-twitter":"","comingsoon-google-plus":"","comingsoon-pinterest":"","comingsoon-youtube":"","comingsoon-linkedin":"","comingsoon-dribbble":"","comingsoon-instagram":"","blog-social":"1","blog-view":"1","blog-author":"1","blog-date":"1","blog-category":"1","blog-comment":"1","blog-tag":"1","blog-single-comment-en":"1","post-nav-en":"1","blog-continue-en":"1","blog-continue":"Continue Reading","copyright-en":"1","copyright-text":"\u00a9 2016 Your Company. All Rights Reserved. Designed By THEMEUM","copyright_top_border_color":"#4d4752","copyright_text_color":"#999999","copyright_link_color":"#999999","copyright_link_color_hvr":"#999999","mv_footer_padding":{"padding-top":"100px","padding-bottom":"80px","units":"px"},"footer_title_color":"#ffffff","footer_title_icon_color":"#ffffff","footer_text_color":"#ffffff","footer_link_color":"#a6a6a6","footer_link_hover_color":"#ffffff","custom_css":"","redux-backup":"1"}